Category,Product Name,MRP,Purchase Price,Selling Price,Unit,Stock
PAINTS - EMULSION & EXTERIOR,Asian Paints Apex Ultima White 20L,7800.0,6200.0,7100.0,Bucket,25
PAINTS - EMULSION & EXTERIOR,Asian Paints Apex Ultima White 4L,1750.0,1380.0,1580.0,Can,40
PAINTS - EMULSION & EXTERIOR,Asian Paints Royale Luxury Emulsion 10L,5200.0,4100.0,4750.0,Bucket,20
PAINTS - EMULSION & EXTERIOR,Asian Paints Royale Luxury Emulsion 1L,590.0,460.0,530.0,Can,60
PAINTS - EMULSION & EXTERIOR,Asian Paints Tractor Emulsion White 20L,3100.0,2400.0,2800.0,Bucket,35
PAINTS - EMULSION & EXTERIOR,Asian Paints Tractor Emulsion White 4L,720.0,550.0,650.0,Can,50
PAINTS - EMULSION & EXTERIOR,Berger WeatherCoat All Guard 20L,6900.0,5400.0,6200.0,Bucket,15
PAINTS - EMULSION & EXTERIOR,Nerolac Beauty Smooth Finish 20L,2950.0,2280.0,2650.0,Bucket,20
PAINTS - ENAMEL & PRIMER,Apcolite Premium Gloss Enamel 4L,1350.0,1050.0,1220.0,Can,30
PAINTS - ENAMEL & PRIMER,Apcolite Premium Gloss Enamel White 1L,360.0,280.0,325.0,Can,75
PAINTS - ENAMEL & PRIMER,Asian Paints Exterior Wall Primer 10L,1650.0,1280.0,1480.0,Bucket,30
PAINTS - ENAMEL & PRIMER,Asian Paints Interior Wall Primer 10L,1400.0,1080.0,1250.0,Bucket,35
PAINTS - ENAMEL & PRIMER,Red Oxide Metal Primer 4L,780.0,590.0,700.0,Can,40
PAINTS - ENAMEL & PRIMER,NC Premium Thinner 1 Ltr,180.0,125.0,150.0,Bottle,120
PAINTS - ENAMEL & PRIMER,Commercial Thinner 5 Ltr,650.0,460.0,550.0,Can,40
PAINTS - DISTEMPER & WALL PUTTY,Asian Paints TruCare Acrylic Wall Putty 20kg,850.0,660.0,760.0,Bag,60
PAINTS - DISTEMPER & WALL PUTTY,Asian Paints TruCare Acrylic Wall Putty 5kg,240.0,185.0,215.0,Bag,90
PAINTS - DISTEMPER & WALL PUTTY,JK WallMaxx White Wall Putty 40kg,980.0,780.0,890.0,Bag,80
PAINTS - DISTEMPER & WALL PUTTY,Asian Paints Tractor Acrylic Distemper 20kg,1150.0,890.0,1020.0,Bucket,35
PAINTING TOOLS & ACCESSORIES,Paint Brush 2 inch (Bristle),60.0,32.0,45.0,Pcs,150
PAINTING TOOLS & ACCESSORIES,Paint Brush 3 inch (Bristle),90.0,50.0,70.0,Pcs,120
PAINTING TOOLS & ACCESSORIES,Paint Brush 4 inch (Bristle),130.0,75.0,105.0,Pcs,90
PAINTING TOOLS & ACCESSORIES,Paint Roller 9 inch with Tray Set,280.0,160.0,220.0,Set,65
PAINTING TOOLS & ACCESSORIES,Waterproof Sandpaper #80 (Coarse),25.0,12.0,18.0,Sheet,300
PAINTING TOOLS & ACCESSORIES,Waterproof Sandpaper #120 (Medium),25.0,12.0,18.0,Sheet,400
PAINTING TOOLS & ACCESSORIES,Waterproof Sandpaper #220 (Fine),25.0,12.0,18.0,Sheet,350
PAINTING TOOLS & ACCESSORIES,Masking Tape 1 inch (20m),50.0,26.0,38.0,Roll,200
PAINTING TOOLS & ACCESSORIES,Masking Tape 2 inch (20m),95.0,52.0,75.0,Roll,140
HARDWARE - DOOR & WINDOW FITTINGS,SS Butt Hinges 4 inch (Heavy 3mm),160.0,95.0,130.0,Pair,100
HARDWARE - DOOR & WINDOW FITTINGS,Brass Mortise Handle Lock Set (6 Lever),1850.0,1250.0,1550.0,Set,25
HARDWARE - DOOR & WINDOW FITTINGS,SS Aldrop 10 inch with Rod & Bolts,480.0,310.0,390.0,Set,45
HARDWARE - DOOR & WINDOW FITTINGS,SS Tower Bolt 6 inch,110.0,65.0,85.0,Pcs,110
HARDWARE - DOOR & WINDOW FITTINGS,SS Tower Bolt 8 inch,150.0,90.0,120.0,Pcs,80
HARDWARE - DOOR & WINDOW FITTINGS,Magnetic Door Catcher (Heavy Duty),95.0,50.0,70.0,Pcs,120
HARDWARE - FASTENERS & NAILS,Drywall Gypsum Screws 1.5 inch (Box 500 Pcs),320.0,190.0,250.0,Box,80
HARDWARE - FASTENERS & NAILS,Drywall Gypsum Screws 2 inch (Box 500 Pcs),390.0,230.0,310.0,Box,60
HARDWARE - FASTENERS & NAILS,SS Wood Screws 1 inch (Box 100 Pcs),140.0,80.0,110.0,Box,90
HARDWARE - FASTENERS & NAILS,Wire Nails 2 inch (1 kg Pack),110.0,70.0,90.0,Kg,150
HARDWARE - FASTENERS & NAILS,Wire Nails 3 inch (1 kg Pack),110.0,70.0,90.0,Kg,120
HARDWARE - FASTENERS & NAILS,PVC Rawl Plugs 35mm (Pack of 100),80.0,38.0,55.0,Pkt,100
HARDWARE - PLUMBING & SANITARY,CPVC Brass Elbow 1/2 inch,95.0,58.0,75.0,Pcs,130
HARDWARE - PLUMBING & SANITARY,CPVC Ball Valve 1 inch (Heavy),280.0,175.0,225.0,Pcs,50
HARDWARE - PLUMBING & SANITARY,UPVC Plumbing Pipe 1 inch (3 Metre),120.0,72.0,95.0,Length,150
HARDWARE - PLUMBING & SANITARY,CPVC Solvent Cement 250ml Tin,240.0,155.0,195.0,Tin,60
HARDWARE - PLUMBING & SANITARY,Brass Bib Tap 1/2 inch Long Body,550.0,340.0,440.0,Pcs,35
HARDWARE - PLUMBING & SANITARY,PTFE Teflon Tape (Pack of 10),150.0,80.0,115.0,Pkt,90
HARDWARE - HAND TOOLS,Claw Hammer 500g with Fiberglass Handle,380.0,220.0,295.0,Pcs,30
HARDWARE - HAND TOOLS,Steel Measuring Tape 5 Metre,180.0,95.0,135.0,Pcs,50
HARDWARE - HAND TOOLS,Screwdriver 8-in-1 Interchangeable Set,260.0,140.0,195.0,Set,40
HARDWARE - HAND TOOLS,Hacksaw Frame with Bi-Metal Blade,290.0,165.0,225.0,Pcs,35
HARDWARE - HAND TOOLS,Combination Pliers 8 inch (Insulated),320.0,180.0,245.0,Pcs,40
